{
	"pages": [
		{},
		{},
		{
			"page": 3,
			"library": "Leaflet",
			"interactions": {
				"retrieve": {
					"logging": true,
					"interface": {
						"window": false
					}
				},
				"pan": {
					"logging": true,
					"interface": {
						"widget": false
					}
				},
				"zoom": {
					"logging": true,
					"interface": {
						"scrollWheel": false
					}
				},
				"overlay": {
					"logging": true,
					"toggle": true,
					"dataLayers": [
						"Hurricane Damages",
						"Population Density"
					]
				},
				"underlay": {
					"logging": true,
					"toggle": true
				},
				"filter": {
					"logging": true,
					"toggle": true,
					"dataLayers": [
						"Hurricane Damages"
					],
					"tool":"slider"
				},
				"resymbolize": {
					"logging": true,
					"toggle": true,
					"dataLayers": [
						"Population Density"
					]
				}
			},
			"mapOptions": {
				"resetButton": false,
				"center": [28.061,-96.705],
				"zoom": 7,
				"minZoom": 5,
				"maxZoom": 10
			},
			"baseLayers": [{
				"name": "Open Street Map",
				"source": "https://{s}.tile.openstreetmap.org/{z}/{x}/{y}.png",
				"layerOptions": {
					"opacity":0.8,
					"attribution": "&copy; <a href='https://www.openstreetmap.org/copyright'>OpenStreetMap</a> contributors"
					}
			},
			{
				"name": "Stamen Toner",
				"source": "https://stamen-tiles-{s}.a.ssl.fastly.net/toner-lite/{z}/{x}/{y}{r}.png",
				"layerOptions": {
					"opacity":0.8,
					"subdomains": "abcd",
					"attribution": "Map tiles by <a href='http://stamen.com'>Stamen Design</a>, <a href='http://creativecommons.org/licenses/by/3.0'>CC BY 3.0</a> &mdash; Map data &copy; <a href='https://www.openstreetmap.org/copyright'>OpenStreetMap</a> contributors"
					}
			}],
			"dataLayers": [
			{
				"name": "Population Density",
				"source": "data/texas-coast-counties.json",
				"renderOnLoad": true,
				"expressedAttribute": "LossPaid",
				"expressedAttributeDisplay": "Damages in $",
				"displayAttributes":["county","Population","LossPaid"],
				"displayAttributesDisplay":["County","Density (Ppl./Sq. Mi.)","Damages in $"],
				"layerOptions": {
					"fillOpacity": 0.8,
					"color": "black",
					"weight": 1,
					"opacity": 1
				},
				"layerHoverOptions": {
					"fillOpacity": 1,
					"color": "black"
				},
				"techniques": [
					{
					"type": "choropleth",
					"classification": "quantile",
					"classes":"Blues.5"
				},
				{
					"type": "proportional symbol",
					"classification": "unclassed",
					"classes":[0,30]
				}]
			},
			{
				"name": "Hurricane Damages",
				"source": "data/texas-coast-counties.json",
				"renderOnLoad": true,
				"expressedAttribute": "LossPaid",
				"expressedAttributeDisplay": "Damages in $",
				"displayAttributes":["county","Population","LossPaid"],
				"displayAttributesDisplay":["County","Density (Ppl./Sq. Mi.)","Damages in $"],
				"layerOptions": {
					"fillOpacity": 0.8,
					"color": "white",
					"weight": 1,
					"opacity": 1,
					"fillColor": "black"
				},
				"techniques": [{
					"type": "proportional symbol",
					"classification": "unclassed",
					"classes": [5,30]
				}]
			},
			{
				"name": "State Labels",
				"source": "data/us-states-points.geojson",
				"renderOnLoad": false,
				"displayAttributes":["name"],
				"displayAttributesDisplay":["County"],
				"layerOptions": {
					"fillOpacity": 0.8,
					"color": "white",
					"weight": 1,
					"opacity": 1,
					"fillColor": "white"
				},
				"techniques": [{
					"type": "label",
					"classification": "unclassed",
					"classes": [5,30],
					"showOnLegend":false
				}]
			}]
		},
		{},
		{
			"page": 5,
			"library": "Leaflet",
			"story":true,
			"interactions": {
				"retrieve": {
					"logging": true,
					"interface": {
						"window": false
					}
				},
				"pan": {
					"logging": true,
					"interface": {
						"widget": false
					}
				},
				"zoom": {
					"logging": true,
					"interface": {
						"scrollWheel": false
					}
				},
				"overlay": {
					"logging": true,
					"toggle": true,
					"dataLayers": [
						"Wildfire Damages",
						"Counties"
					]
				},
				"search": {
					"attributes": ["NAME"],
					"logging": true,
					"toggle": true
				},
				"reexpress": {
					"logging": true,
					"toggle": true,
					"dataLayers": [
						"Wildfire Damages"
					]
				}
			},
			"mapOptions": {
				"resetButton": false,
				"center": [37.379,-120.806],
				"zoom": 6,
				"minZoom": 5,
				"maxZoom": 10
			},
			"baseLayers": [{
				"name": "ESRI World Imagery",
				"source": "https://server.arcgisonline.com/ArcGIS/rest/services/World_Imagery/MapServer/tile/{z}/{y}/{x}",
				"layerOptions": {
					"opacity":0.4,
					"attribution": "Tiles &copy; Esri &mdash; Source: Esri, i-cubed, USDA, USGS, AEX, GeoEye, Getmapping, Aerogrid, IGN, IGP, UPR-EGP, and the GIS User Community"
					}
			},
			{
				"name": "Stamen Toner",
				"source": "https://stamen-tiles-{s}.a.ssl.fastly.net/toner-lite/{z}/{x}/{y}{r}.png",
				"layerOptions": {
					"opacity":0.8,
					"subdomains": "abcd",
					"attribution": "Map tiles by <a href='http://stamen.com'>Stamen Design</a>, <a href='http://creativecommons.org/licenses/by/3.0'>CC BY 3.0</a> &mdash; Map data &copy; <a href='https://www.openstreetmap.org/copyright'>OpenStreetMap</a> contributors"
					}
			}],
			"dataLayers": [
				{
					"name": "Counties",
					"source": "data/ca-counties-total.json",
					"renderOnLoad": true,
					"expressedAttribute": "Cost_total",
					"layerOptions": {
						"fillOpacity": 0,
						"color": "white",
						"weight": 1,
						"opacity": 0.5,
						"fillColor": "white"
					},
					"techniques": [
					{
						"type": "choropleth",
						"classification": "natural breaks",
						"classes": "Oranges.5"
					}]
				},
				{
					"name": "Wildfire Damages",
					"source": "data/ca-counties.json",
					"renderOnLoad": true,
					"expressedAttribute": "Cost_total",
					"expressedAttributeDisplay": "Damages in $",
					"displayAttributes":["NAME","Cost_total"],
					"displayAttributesDisplay":["County","Damages in $"],
					"layerOptions": {
						"fillOpacity": 1,
						"fillColor":"black",
						"color": "white",
						"weight": 1,
						"opacity": 1
					},
					"techniques": [
					{
						"type": "proportional symbol",
						"classification": "unclassed",
						"classes": [5,30]
					},
					{
					"type": "heat",
					"size": 0.5
					},
					{
						"type": "choropleth",
						"classification": "natural breaks",
						"classes": "Oranges.5"
				}]
			}]
		},
		{},
		{},
		{},
		{}
	]
}
